Benign,Malicious,Benign APK,Malicious APK
05E3FD6B3DA4321376C76A65D21B18D3CBC93D5AAA7AE2E86029C2C21647E8CB,14471BC744EA95531A4344B15FB55ED8467671FDE8B80F6A5B6337014806C617,com.google.android.diskusage,com.google.android.diskusage
083E11AB8280522404D62963B6118DE52D81333D8640C876244687FD1FEC065D,C9F77F0849974A41D6A35CB00E2A4274B4D4A3A5435A1A7CEAC645DC32805A03,org.pyload.android.client,org.pyload.android.client
2464882EB4E1932BD490B2E0E58C4350036AF6D78CB429F548BC1E589C5EC1D5,86A34754D9A80B8483067DF420E107AC8BC4BEE0E2B2BC7B29A287730F5A153C,com.chinat2t10513zw.templte,com.chinat2t10513zw.templte
262D23F8C9C12873A7098E91D9D2ED70188875A884D9F0A2E4BB4DF61EE40241,FE6C508A6AA574D2C65A99CBB5249B88FF418E8AAE7C8B0D6C9CC48A6DD820A6,com.content.ugly.meter,com.content.ugly.meter
1C3E7C85DBEE8CD1293814356F5704AC02FB30D10187F7042C5083C5098EB48E,D22BF24BD9CC27D8EAF4D7F5F0A1AB00418038798F947D779DCAB63CFDDAD566,andrei.brusentcov.lnguagepazzle.en,andrei.brusentcov.lnguagepazzle.en
319E1C19CF3465AACCE539A66E058860DDB35F72F32D819EEEDD1F63DA40D16B,A6DBDC523EABBB1F951EA298E83EAD208CF1AC9839EF6B9AD89DC42FFBD38C26,com.northpark.beautycamera,com.northpark.beautycamera
34A68DD3A89F62894D45DBE134E403D97BF76360DEFC507BB1BABEDC9B0D120F,C7BDA923E483C9498EC16BAF0FB34614C8A06F3390D05A438E1EA632F2DD0515,pl.netigen.bestbassguitarfree,pl.netigen.bestbassguitarfree
35F4DA86895EFF2B2403CB26011607D019A6FEEB2F434862A4B036E7362D0688,A8761D144628E3253596D927B14986CCB90DC7601810AEC6D34A02D435BB839D,oms.wmessage,oms.wmessage
4577C8EA4746402E326E55AFE123C7E3870B4F31EF583244BE8613AE3ABFA12E,A133B0E1BFA30FFBADFFBEB756ABA506A18C4C544699F8F909C0EEB4EF9840A0,cz.romario.opensudoku,cz.romario.opensudoku
75E6D38D05B0D27404863BB9B32DA36DC31BE2F6A3FE03D04216E70D58D79C72,61A821BFC736D682D560339E05923437F90A66B1ADF95E26D112F693D65B8131,com.nesnet.android.cantonese, com.nesnet.android.cantonese
